ID,Reference ID,PAN Name,Aadhar Name,Age,Aadhar Number,PAN Number,Phone Number
1,REF12345,John Doe,John Doe,30,****1234,ABCDE1234F,+91 9876543210
2,REF12346,Jane Smith,Jane Smith,25,****4321,FGHIJ5678K,876-543-2109
3,REF12347,Rajesh Kumar,Rajesh Kumar,40,****3333,PQRSU6789L,(998) 877-6655
4,REF12348,Priya Sharma,Priya Sharma,28,****9876,LMNOP9876A,8899001122
5,REF12349,Arjun Verma,Arjun Verma,35,****6547,VWXYZ1234B,+91 9765432109
6,REF12350,Sneha Patil,Sneha Patil,32,****5566,ZYXWV5432C,877-543-2108
7,REF12351,Akash Kapoor,Akash Kapoor,29,****5544,CDEFG5432E,(997) 877-6654
8,REF12352,Neha Gupta,Neha Gupta,24,****5677,EFGHI8765F,8889001123
9,REF12353,Vikram Singh,Vikram Singh,45,4.45567E+11,HIJKL9876G,+91 9876544321
10,REF12354,Michael Taylor,Maria Taylor,33,6.67789E+11,JKLMN7654H,876-543-2107
